sku,nombre,precio,stock,disponible,fecha_ingreso
SKU-0001,Gorra B,17.38,70,True,2025-04-02
SKU-0002,Chaqueta C,369.55,173,True,2026-05-14
SKU-0003,Pantalon D,19.75,55,True,2026-10-31
SKU-0004,Camiseta E,282.82,183,False,2025-03-27
SKU-0005,Calcetines F,296.69,1,True,2026-05-15
SKU-0006,Bolso G,142.55,55,False,2024-07-28
SKU-0007,Zapatos H,193.06,91,False,2025-06-25
SKU-0008,Pantalon I,366.22,137,True,2026-02-14
SKU-0009,Zapatos J,278.26,160,False,2025-01-28
SKU-0010,Zapatos K,27.68,58,False,2024-06-12
SKU-0011,Reloj L,433.91,97,False,2026-07-17
SKU-0012,Sombrero M,85.51,90,True,2025-06-30
SKU-0013,Zapatos N,306.52,43,True,2024-11-30
SKU-0014,Calcetines O,192.83,163,True,2025-10-26
SKU-0015,Pantalon P,118.38,8,False,2026-04-01
SKU-0016,Lentes Q,37.76,145,False,2025-03-11
SKU-0017,Guantes R,200.84,164,False,2024-10-19
SKU-0018,Lentes S,74.12,190,False,2026-05-27
SKU-0019,Sudadera T,184.19,35,False,2024-07-05
SKU-0020,Pantalon U,431.25,39,True,2026-05-14
SKU-0021,Zapatos V,195.46,152,False,2026-12-19
SKU-0022,Lentes W,485.68,2,True,2025-06-30
SKU-0023,Bolso X,60.22,111,True,2026-07-18
SKU-0024,Camiseta Y,477.14,184,False,2026-10-22
SKU-0025,Bufanda Z,256.3,27,False,2026-11-05
SKU-0026,Mochila A,80.66,195,True,2026-12-22
SKU-0027,Camiseta B,301.48,125,True,2024-08-17
SKU-0028,Sombrero C,439.97,78,True,2024-04-28
SKU-0029,Reloj D,439.61,20,True,2026-09-22
SKU-0030,Zapatos E,489.1,136,True,2024-09-19
SKU-0031,Guantes F,473.69,42,False,2026-12-16
SKU-0032,Short G,482.36,138,True,2025-09-30
SKU-0033,Sudadera H,497.6,166,False,2026-06-16
SKU-0034,Vestido I,228.49,63,True,2024-05-11
SKU-0035,Bolso J,15.41,141,True,2025-03-27
SKU-0036,Camiseta K,40.14,161,True,2025-04-13
SKU-0037,Zapatos L,453.18,84,True,2026-11-18
SKU-0038,Reloj M,142.85,124,True,2024-09-27
SKU-0039,Guantes N,125.28,121,False,2025-01-24
SKU-0040,Gorra O,52.98,110,False,2026-05-17
SKU-0041,Short P,236.18,186,True,2024-07-20
SKU-0042,Pantalon Q,204.3,86,True,2025-05-24
SKU-0043,Mochila R,99.15,114,True,2026-05-14
SKU-0044,Bufanda S,142.88,63,True,2026-06-26
SKU-0045,Chaleco T,53.46,166,True,2024-07-10
